Source,Type,Roast,Extraction,Stat,Other,Units,Citric,Formic,Malic,Pyruvic,Quinic,Succinic,Acetic,Oxalic,Fumaric,Tartaric,Lactic,Glycolic,Nitric,Mesaconic ,Maleic,Isocitric,Citraconic,Propionic,2-Furoic ,Pyroglutamic,Phosphoric,Levulinic Acid,Methylsuccinic,Nicotinic,Ascorbic,Hydroxybenzoic,Total,Notes , , , , , , , , , , 
Jham et al. (2002),Arabica,Green,Solvent,mean,,mg/kg,11000,,4600,,6700,,,,30,,,,,,,,,,,,,,,,,,22330,,,,,,,,,,,
Jham et al. (2002),Arabica,Green,Solvent,mean,,mg/kg,13000,,3100,,8500,,,900,10,,,,,,,,,,,,,,,,,,25510,,,,,,,,,,,
Jham et al. (2002),Arabica,Green,Solvent,mean,,mg/kg,11500,,4700,,6700,3300,,,21,,,,,,,,,,,,,,,,,,26221,,,,,,,,,,,
Jham et al. (2002),Arabica,Green,Solvent,mean,,mg/kg,11200,,4400,,7000,,,,30,,,,,,,,,,,,,,,,,,22630,,,,,,,,,,,
Dong et al. (2017),Robusta,Green,Immersion,mean,,mg/kg,1708.06,1204.78,4464.68,,,578.67,,41.57,,1358.38,,,,,,,,,,,,,,,,,9356.14,,,,,,,,,,,
Dong et al. (2017),Robusta,Green,Immersion,mean,,,1580.02,1177.71,4235.16,,,725.38,,39.75,,1861.92,,,,,,,,,,,,,,,,,9619.94,,,,,,,,,,,
Dong et al. (2017),Robusta,Green,Immersion,mean,,,1688.4,1161.96,4304.69,,,560.24,,42.86,,1685,,,,,,,,,,,,,,,,,9443.15,,,,,,,,,,,
Dong et al. (2017),Robusta,Green,Immersion,mean,,,1905.66,1392.22,5525.58,,,1011.34,,31.23,,1821.35,,,,,,,,,,,,,,,,,11687.38,,,,,,,,,,,
Dong et al. (2017),Robusta,Green,Immersion,mean,,,1445.24,1330.74,4170.15,,690.98,1799.42,,31.46,,3168.98,,,,,,,,,,,,,,,,,12636.97,,,,,,,,,,,
Galli & Barbas (2004),Unspecified,Unspecified,Immersion,mean,,mg/kg,10100,2700,2200,,9400,180,,256,206,,720,1690,,77,102,1300,260,60,150,850,,,,,,,30251,,,,,,,,,,,
Galli & Barbas (2004),Unspecified,Green,Immersion,mean,,mg/kg,14400,8100,5700,,44000,800,,170,1140,,2100,4000,79,410,460,18300,820,,500,8800,,,,,,,109779,,,,,,,,,,,
Verardo et al. (2002),Blend,Unspecified,Immersion,mean,"calc, using MW and extract density",mg/kg,6247.81,1528.88,1857.59,,6246.38,188.78,3690.46,,,,1184.00,1161.69,,,,,462.17,223.69,1592.61,916.80,1740.50,123.74,93.86,109.33,,24.53,27392.80655,,,,,,,,,,,
Verardo et al. (2002),Blend,Unspecified,Immersion,mean,,mg/kg,6350.23,2003.08,1905.22,,7202.10,461.45,5098.38,,,,1504.00,1418.34,,,,,670.14,263.16,199.08,985.56,2158.22,185.61,117.33,153.07,,24.53,30699.50144,,,,,,,,,,,
Verardo et al. (2002),Arabica,Unspecified,Immersion,mean,,mg/kg,7511.02,1635.17,2333.90,,5597.84,188.78,4757.07,,,,1504.00,1607.45,,,,,485.28,342.11,139.35,641.76,1096.51,103.12,93.86,87.47,,49.07,28173.74717,,,,,,,,,,,
Verardo et al. (2002),Arabica,Unspecified,Immersion,mean,,mg/kg,7545.16,2624.44,2381.53,,6109.84,377.55,6388.98,,,,1696.00,1945.15,,,,,623.93,355.27,139.35,664.68,1357.59,123.74,140.79,131.20,,49.07,32654.26773,,,,,,,,,,,
Verardo et al. (2002),Blend,Unspecified,Immersion,mean,Decaf,mg/kg,5564.98,1798.68,1357.47,,6246.38,188.78,4501.08,,,,1424.00,1431.85,,,,,415.95,210.53,119.45,939.72,1549.04,82.49,70.40,87.47,,73.60,26061.86231,,,,,,,,,,,
Verardo et al. (2002),Blend,Unspecified,Immersion,mean,Decaf,mg/kg,5633.27,2370.99,1381.29,,7645.84,356.58,5941.00,,,,1712.00,1783.05,,,,,531.49,263.16,139.35,1123.08,1931.95,144.36,140.79,131.20,,73.60,31303.0084,,,,,,,,,,,
Verardo et al. (2002),Blend,Green,Immersion,mean,,mg/kg,12256.62,32.70,5620.40,,2764.79,62.93,341.31,,,,192.00,,,,,,,,,,678.79,,,,,,21949.5508,,,,,,,,,,,
Verardo et al. (2002),Blend,Green,Immersion,mean,,mg/kg,12222.48,425.14,5715.66,,4642.11,104.88,607.97,,,,176.00,,,,,,,,,68.76,765.82,,,,,,24728.82394,,,,,,,,,,,
Verardo et al. (2002),Blend,Light,Immersion,mean,,mg/kg,10925.12,1193.67,5096.47,,4027.72,83.90,3114.49,,,,512.00,378.22,,,,,46.22,13.16,19.91,206.28,905.06,,,21.87,,,26544.08373,,,,,,,,,,,
Verardo et al. (2002),Blend,Light,Immersion,mean,,mg/kg,10754.42,2011.26,5167.91,,6007.44,251.70,3797.12,,,,784.00,472.78,,,,,69.33,13.16,19.91,229.20,1218.35,,23.47,21.87,,,30841.90207,,,,,,,,,,,
Verardo et al. (2002),Blend,Medium,Immersion,mean,,mg/kg,7715.87,1226.38,2738.76,,6007.44,104.88,3477.14,,,,752.00,648.38,,,,,207.98,92.11,39.82,389.64,905.06,41.25,23.47,43.73,,,24413.8813,,,,,,,,,,,
Verardo et al. (2002),Blend,Medium,Immersion,mean,,mg/kg,7613.45,1659.70,2834.02,,6792.51,188.78,4799.73,,,,1104.00,1364.31,,,,,254.19,171.05,39.82,412.56,1653.47,41.25,46.93,87.47,,24.53,29087.74882,,,,,,,,,,,
Verardo et al. (2002),Blend,Dark,Immersion,mean,,mg/kg,6316.09,760.35,1476.55,,9215.96,125.85,2943.84,,,,929.60,756.45,,,,,115.54,92.11,99.54,1031.40,1096.51,103.12,46.93,65.60,,24.53,25199.96508,,,,,,,,,,,
Verardo et al. (2002),Blend,Dark,Immersion,mean,,,6350.23,1479.83,1595.62,,10615.42,230.73,4181.10,,,,1344.00,1566.93,,,,,207.98,210.53,79.63,1123.08,1688.28,82.49,70.40,87.47,,24.53,30938.24199,,,,,,,,,,,
Hucke and Maier (1985),Unspecified,Green,Immersion,,,mg/kg,,,,,30100,,,,,,,,,,,,,,,,,,,,,,30100,,,,,,,,,,,
Hucke and Maier (1985),Unspecified,Green,Immersion,,,mg/kg,,,,,28400,,,,,,,,,,,,,,,,,,,,,,28400,,,,,,,,,,,
Hucke and Maier (1985),Unspecified,Green,Immersion,,,mg/kg,,,,,24600,,,,,,,,,,,,,,,,,,,,,,24600,,,,,,,,,,,
Hucke and Maier (1985),Unspecified,Green,Immersion,,,mg/kg,,,,,30400,,,,,,,,,,,,,,,,,,,,,,30400,,,,,,,,,,,
Hucke and Maier (1985),Unspecified,Steamed,Immersion,,,mg/kg,,,,,27300,,,,,,,,,,,,,,,,,,,,,,27300,,,,,,,,,,,
Hucke and Maier (1985),Unspecified,Steamed,Immersion,,,mg/kg,,,,,26500,,,,,,,,,,,,,,,,,,,,,,26500,,,,,,,,,,,
Hucke and Maier (1985),Unspecified,Steamed,Immersion,,,mg/kg,,,,,31300,,,,,,,,,,,,,,,,,,,,,,31300,,,,,,,,,,,
Hucke and Maier (1985),Unspecified,Unspecified,Immersion,,Decaf,mg/kg,,,,,25400,,,,,,,,,,,,,,,,,,,,,,25400,,,,,,,,,,,
Hucke and Maier (1985),Unspecified,Unspecified,Immersion,,Decaf,mg/kg,,,,,29600,,,,,,,,,,,,,,,,,,,,,,29600,,,,,,,,,,,
Hucke and Maier (1985),Unspecified,Unspecified,Immersion,,Decaf,mg/kg,,,,,30900,,,,,,,,,,,,,,,,,,,,,,30900,,,,,,,,,,,
Hucke and Maier (1985),Unspecified,Dark,Immersion,,,mg/kg,,,,,46400,,,,,,,,,,,,,,,,,,,,,,46400,,,,,,,,,,,
Hucke and Maier (1985),Arabica,Unspecified,Immersion,,,mg/kg,,,,,12000,,,,,,,,,,,,,,,,,,,,,,12000,,,,,,,,,,,
Hucke and Maier (1985),Arabica,Unspecified,Immersion,,,mg/kg,,,,,18100,,,,,,,,,,,,,,,,,,,,,,18100,,,,,,,,,,,
Hucke and Maier (1985),Arabica,Unspecified,Immersion,,,mg/kg,,,,,11500,,,,,,,,,,,,,,,,,,,,,,11500,,,,,,,,,,,
Hucke and Maier (1985),Arabica,Unspecified,Immersion,,,mg/kg,,,,,19000,,,,,,,,,,,,,,,,,,,,,,19000,,,,,,,,,,,
Hucke and Maier (1985),Blend,Unspecified,Immersion,,,mg/kg,,,,,9800,,,,,,,,,,,,,,,,,,,,,,9800,,,,,,,,,,,
Hucke and Maier (1985),Blend,Unspecified,Immersion,,,mg/kg,,,,,13800,,,,,,,,,,,,,,,,,,,,,,13800,,,,,,,,,,,
Hucke and Maier (1985),Blend,Unspecified,Immersion,,,mg/kg,,,,,8700,,,,,,,,,,,,,,,,,,,,,,8700,,,,,,,,,,,
Hucke and Maier (1985),Blend,Unspecified,Immersion,,,mg/kg,,,,,13900,,,,,,,,,,,,,,,,,,,,,,13900,,,,,,,,,,,
Hucke and Maier (1985),Blend,Unspecified,Immersion,,,mg/kg,,,,,8700,,,,,,,,,,,,,,,,,,,,,,8700,,,,,,,,,,,
Hucke and Maier (1985),Blend,Unspecified,Immersion,,,mg/kg,,,,,13900,,,,,,,,,,,,,,,,,,,,,,13900,,,,,,,,,,,
Hucke and Maier (1985),Blend,Unspecified,Immersion,,,mg/kg,,,,,12100,,,,,,,,,,,,,,,,,,,,,,12100,,,,,,,,,,,
Hucke and Maier (1985),Blend,Unspecified,Immersion,,,mg/kg,,,,,15700,,,,,,,,,,,,,,,,,,,,,,15700,,,,,,,,,,,
Hucke and Maier (1985),Blend,Unspecified,Immersion,,,mg/kg,,,,,8100,,,,,,,,,,,,,,,,,,,,,,8100,,,,,,,,,,,
Hucke and Maier (1985),Blend,Unspecified,Immersion,,,mg/kg,,,,,8800,,,,,,,,,,,,,,,,,,,,,,8800,,,,,,,,,,,
Hucke and Maier (1985),Blend,Unspecified,Immersion,,,mg/kg,,,,,10000,,,,,,,,,,,,,,,,,,,,,,10000,,,,,,,,,,,
Hucke and Maier (1985),Blend,Unspecified,Immersion,,,mg/kg,,,,,11800,,,,,,,,,,,,,,,,,,,,,,11800,,,,,,,,,,,
Hucke and Maier (1985),Blend,Unspecified,Immersion,,,mg/kg,,,,,30100,,,,,,,,,,,,,,,,,,,,,,30100,,,,,,,,,,,
Hucke and Maier (1985),Blend,Unspecified,Immersion,,,mg/kg,,,,,34700,,,,,,,,,,,,,,,,,,,,,,34700,,,,,,,,,,,
Hucke and Maier (1985),Blend,Unspecified,Immersion,,,mg/kg,,,,,37900,,,,,,,,,,,,,,,,,,,,,,37900,,,,,,,,,,,
Hucke and Maier (1985),Blend,Unspecified,Immersion,,,mg/kg,,,,,43700,,,,,,,,,,,,,,,,,,,,,,43700,,,,,,,,,,,
Hucke and Maier (1985),Blend,Unspecified,Immersion,,,mg/kg,,,,,51500,,,,,,,,,,,,,,,,,,,,,,51500,,,,,,,,,,,
Hucke and Maier (1985),Arabica,Green,Immersion,,,mg/kg,,,,,10770,,,,,,,,,,,,,,,,,,,,,,10770,,,,,,,,,,,
Hucke and Maier (1985),Arabica,Steamed,Immersion,,,mg/kg,,,,,12440,,,,,,,,,,,,,,,,,,,,,,12440,,,,,,,,,,,
Hucke and Maier (1985),Arabica,Green,Immersion,,,mg/kg,,,,,6200,,,,,,,,,,,,,,,,,,,,,,6200,,,,,,,,,,,
Hucke and Maier (1985),Arabica,Steamed,Immersion,,,mg/kg,,,,,5690,,,,,,,,,,,,,,,,,,,,,,5690,,,,,,,,,,,
Hucke and Maier (1985),Robusta,Green,Immersion,,,mg/kg,,,,,4630,,,,,,,,,,,,,,,,,,,,,,4630,,,,,,,,,,,
Hucke and Maier (1985),Robusta,Steamed,Immersion,,,mg/kg,,,,,5590,,,,,,,,,,,,,,,,,,,,,,5590,,,,,,,,,,,
Hucke and Maier (1985),Robusta,Green,Immersion,,,mg/kg,,,,,4670,,,,,,,,,,,,,,,,,,,,,,4670,,,,,,,,,,,
Hucke and Maier (1985),Robusta,Steamed,Immersion,,,mg/kg,,,,,5760,,,,,,,,,,,,,,,,,,,,,,5760,,,,,,,,,,,
Hucke and Maier (1985),Unspecified,Green,Immersion,,,mg/kg,,,,,8660,,,,,,,,,,,,,,,,,,,,,,8660,,,,,,,,,,,
Hucke and Maier (1985),Unspecified,Green,Immersion,,,mg/kg,,,,,9310,,,,,,,,,,,,,,,,,,,,,,9310,,,,,,,,,,,
Hucke and Maier (1985),Unspecified,Green,Immersion,,,mg/kg,,,,,9840,,,,,,,,,,,,,,,,,,,,,,9840,,,,,,,,,,,
Hucke and Maier (1985),Unspecified,Steamed,Immersion,,,mg/kg,,,,,10950,,,,,,,,,,,,,,,,,,,,,,10950,,,,,,,,,,,
Hucke and Maier (1985),Unspecified,Steamed,Immersion,,,mg/kg,,,,,11800,,,,,,,,,,,,,,,,,,,,,,11800,,,,,,,,,,,
Hucke and Maier (1985),Unspecified,Steamed,Immersion,,,mg/kg,,,,,1390,,,,,,,,,,,,,,,,,,,,,,1390,,,,,,,,,,,
Hucke and Maier (1985),Unspecified,Unspecified,Immersion,,Decaf,mg/kg,,,,,10750,,,,,,,,,,,,,,,,,,,,,,10750,,,,,,,,,,,
Hucke and Maier (1985),Unspecified,Unspecified,Immersion,,Decaf,mg/kg,,,,,11560,,,,,,,,,,,,,,,,,,,,,,11560,,,,,,,,,,,
Hucke and Maier (1985),Unspecified,Unspecified,Immersion,,Decaf,mg/kg,,,,,10980,,,,,,,,,,,,,,,,,,,,,,10980,,,,,,,,,,,
Hucke and Maier (1985),Unspecified,Light,Immersion,,,mg/kg,,,,,11380,,,,,,,,,,,,,,,,,,,,,,11380,,,,,,,,,,,
Hucke and Maier (1985),Unspecified,Light,Immersion,,,mg/kg,,,,,7740,,,,,,,,,,,,,,,,,,,,,,7740,,,,,,,,,,,
Hucke and Maier (1985),Unspecified,Light,Immersion,,,mg/kg,,,,,7590,,,,,,,,,,,,,,,,,,,,,,7590,,,,,,,,,,,
Hucke and Maier (1985),Unspecified,Dark,Immersion,,,mg/kg,,,,,16620,,,,,,,,,,,,,,,,,,,,,,16620,,,,,,,,,,,
Scholz and Maier (1990),Robusta,Green,Solvent,,,mg/kg,,,,,5470,,,,,,,,,,,,,,,,,,,,,,5470,,,,,,,,,,,
Scholz and Maier (1990),Robusta,Light,Solvent,,,mg/kg,,,,,7510,,,,,,,,,,,,,,,,,,,,,,7510,,,,,,,,,,,
Scholz and Maier (1990),Robusta,Dark,Solvent,,,mg/kg,,,,,4900,,,,,,,,,,,,,,,,,,,,,,4900,,,,,,,,,,,
"Chindapan, Soydok, and Devahastin (2019)",Robusta,Green,Immersion,mean,,mg/kg,4330,,3930,,,,,,,,,,,,,,,,,,,,,,,,8260,,,,,,,,,,,
"Chindapan, Soydok, and Devahastin (2019)",Robusta,Green,Immersion,mean,,mg/kg,6050,,3280,,,,5360,,,,,,,,,,,,,,,,,,,,14690,,,,,,,,,,,
"Chindapan, Soydok, and Devahastin (2019)",Robusta,Light,Immersion,mean,,mg/kg,9430,,6980,,,,9530,,,,,,,,,,,,,,,,,,,,25940,,,,,,,,,,,
"Chindapan, Soydok, and Devahastin (2019)",Robusta,Light,Immersion,mean,,mg/kg,14260,,7900,,,,24700,,,,,,,,,,,,,,,,,,,,46860,,,,,,,,,,,
"Chindapan, Soydok, and Devahastin (2019)",Robusta,Medium,Immersion,mean,,mg/kg,13880,,,,,,27800,,,,,,,,,,,,,,,,,,,,41680,,,,,,,,,,,
"Chindapan, Soydok, and Devahastin (2019)",Robusta,Dark,Immersion,mean,,mg/kg,12040,9460,,,,,47350,,,,,,,,,,,,,,,,,,,,68850,,,,,,,,,,,
"Chindapan, Soydok, and Devahastin (2019)",Robusta,Green,Immersion,mean,,mg/kg,6850,,6480,,,,4240,,,,,,,,,,,,,,,,,,,,17570,,,,,,,,,,,
"Chindapan, Soydok, and Devahastin (2019)",Robusta,Light,Immersion,mean,,mg/kg,11940,,7880,,,,7880,,,,,,,,,,,,,,,,,,,,27700,,,,,,,,,,,
"Chindapan, Soydok, and Devahastin (2019)",Robusta,Light,Immersion,mean,,mg/kg,14590,,9570,,,,29000,,,,,,,,,,,,,,,,,,,,53160,,,,,,,,,,,
"Chindapan, Soydok, and Devahastin (2019)",Robusta,Medium,Immersion,mean,,mg/kg,13250,,5450,,,,34570,,,,,,,,,,,,,,,,,,,,53270,,,,,,,,,,,
"Chindapan, Soydok, and Devahastin (2019)",Robusta,Dark,Immersion,mean,,mg/kg,13350,13370,,,,,48520,,,,,,,,,,,,,,,,,,,,75240,,,,,,,,,,,
"Chindapan, Soydok, and Devahastin (2019)",Robusta,Dark,Immersion,mean,,mg/kg,8450,11520,,,,,69520,,,,,,,,,,,,,,,,,,,,89490,,,,,,,,,,,
"Chindapan, Soydok, and Devahastin (2019)",Robusta,Green,Immersion,mean,,mg/kg,9050,,7060,,,,4200,,,,,,,,,,,,,,,,,,,,20310,,,,,,,,,,,
"Chindapan, Soydok, and Devahastin (2019)",Robusta,Light,Immersion,mean,,mg/kg,12380,,8980,,,,10740,,,,,,,,,,,,,,,,,,,,32100,,,,,,,,,,,
"Chindapan, Soydok, and Devahastin (2019)",Robusta,Light,Immersion,mean,,mg/kg,12220,,9980,,,,27840,,,,,,,,,,,,,,,,,,,,50040,,,,,,,,,,,
"Chindapan, Soydok, and Devahastin (2019)",Robusta,Medium,Immersion,mean,,mg/kg,14420,16550,6360,,,,49050,,,,,,,,,,,,,,,,,,,,86380,,,,,,,,,,,
"Chindapan, Soydok, and Devahastin (2019)",Robusta,Dark,Immersion,mean,,mg/kg,10390,13550,,,,,44860,,,,,,,,,,,,,,,,,,,,68800,,,,,,,,,,,
"Chindapan, Soydok, and Devahastin (2019)",Robusta,Dark,Immersion,mean,,mg/kg,9800,10030,,,,,64850,,,,,,,,,,,,,,,,,,,,84680,,,,,,,,,,,
"Chindapan, Soydok, and Devahastin (2019)",Robusta,Green,Immersion,mean,,mg/kg,7850,,6870,,,,2410,,,,,,,,,,,,,,,,,,,,17130,,,,,,,,,,,
"Chindapan, Soydok, and Devahastin (2019)",Robusta,Light,Immersion,mean,,mg/kg,13580,,9050,,,,10960,,,,,,,,,,,,,,,,,,,,33590,,,,,,,,,,,
"Chindapan, Soydok, and Devahastin (2019)",Robusta,Light,Immersion,mean,,mg/kg,20970,,11970,,,,31980,,,,,,,,,,,,,,,,,,,,64920,,,,,,,,,,,
"Chindapan, Soydok, and Devahastin (2019)",Robusta,Medium,Immersion,mean,,mg/kg,15370,14590,9960,,,,39400,,,,,,,,,,,,,,,,,,,,79320,,,,,,,,,,,
"Chindapan, Soydok, and Devahastin (2019)",Robusta,Dark,Immersion,mean,,mg/kg,15640,15850,,,,,58180,,,,,,,,,,,,,,,,,,,,89670,,,,,,,,,,,
"Chindapan, Soydok, and Devahastin (2019)",Robusta,Dark,Immersion,mean,,mg/kg,9490,10740,,,,,60510,,,,,,,,,,,,,,,,,,,,80740,,,,,,,,,,,
"Chindapan, Soydok, and Devahastin (2019)",Robusta,Green,Immersion,mean,,mg/kg,4330,,3930,,,,,,,,,,,,,,,,,,,,,,,,8260,,,,,,,,,,,
"Chindapan, Soydok, and Devahastin (2019)",Robusta,Green,Immersion,mean,,mg/kg,6910,,9350,,,,3470,,,,,,,,,,,,,,,,,,,,19730,,,,,,,,,,,
"Chindapan, Soydok, and Devahastin (2019)",Robusta,Light,Immersion,mean,,mg/kg,13020,,7530,,,,10450,,,,,,,,,,,,,,,,,,,,31000,,,,,,,,,,,
"Chindapan, Soydok, and Devahastin (2019)",Robusta,Light,Immersion,mean,,mg/kg,12430,,7290,,,,15700,,,,,,,,,,,,,,,,,,,,35420,,,,,,,,,,,
"Chindapan, Soydok, and Devahastin (2019)",Robusta,Medium,Immersion,mean,,mg/kg,14010,,9930,,,,36750,,,,,,,,,,,,,,,,,,,,60690,,,,,,,,,,,
"Chindapan, Soydok, and Devahastin (2019)",Robusta,Dark,Immersion,mean,,mg/kg,13200,10060,,,,,45910,,,,,,,,,,,,,,,,,,,,69170,,,,,,,,,,,
"Chindapan, Soydok, and Devahastin (2019)",Robusta,Green,Immersion,mean,,mg/kg,8400,,4170,,,,2590,,,,,,,,,,,,,,,,,,,,15160,,,,,,,,,,,
"Chindapan, Soydok, and Devahastin (2019)",Robusta,Light,Immersion,mean,,mg/kg,9160,,3880,,,,3540,,,,,,,,,,,,,,,,,,,,16580,,,,,,,,,,,
"Chindapan, Soydok, and Devahastin (2019)",Robusta,Light,Immersion,mean,,mg/kg,14710,,8970,,,,27900,,,,,,,,,,,,,,,,,,,,51580,,,,,,,,,,,
"Chindapan, Soydok, and Devahastin (2019)",Robusta,Medium,Immersion,mean,,mg/kg,12550,,13270,,,,29450,,,,,,,,,,,,,,,,,,,,55270,,,,,,,,,,,
"Chindapan, Soydok, and Devahastin (2019)",Robusta,Dark,Immersion,mean,,mg/kg,12250,11450,9060,,,,48340,,,,,,,,,,,,,,,,,,,,81100,,,,,,,,,,,
"Chindapan, Soydok, and Devahastin (2019)",Robusta,Dark,Immersion,mean,,mg/kg,8900,10270,,,,,45300,,,,,,,,,,,,,,,,,,,,64470,,,,,,,,,,,
"Chindapan, Soydok, and Devahastin (2019)",Robusta,Green,Immersion,mean,,mg/kg,7110,,2780,,,,,,,,,,,,,,,,,,,,,,,,9890,,,,,,,,,,,
"Chindapan, Soydok, and Devahastin (2019)",Robusta,Light,Immersion,mean,,mg/kg,9100,,3390,,,,2530,,,,,,,,,,,,,,,,,,,,15020,,,,,,,,,,,
"Chindapan, Soydok, and Devahastin (2019)",Robusta,Light,Immersion,mean,,mg/kg,14700,,9590,,,,16470,,,,,,,,,,,,,,,,,,,,40760,,,,,,,,,,,
"Chindapan, Soydok, and Devahastin (2019)",Robusta,Medium,Immersion,mean,,mg/kg,18130,11010,9510,,,,31130,,,,,,,,,,,,,,,,,,,,69780,,,,,,,,,,,
"Chindapan, Soydok, and Devahastin (2019)",Robusta,Dark,Immersion,mean,,mg/kg,12050,11870,9860,,,,40610,,,,,,,,,,,,,,,,,,,,74390,,,,,,,,,,,
"Chindapan, Soydok, and Devahastin (2019)",Robusta,Dark,Immersion,mean,,mg/kg,10110,11470,,,,,65840,,,,,,,,,,,,,,,,,,,,87420,,,,,,,,,,,
"Chindapan, Soydok, and Devahastin (2019)",Robusta,Green,Immersion,mean,,mg/kg,9030,,6590,,,,3580,,,,,,,,,,,,,,,,,,,,19200,,,,,,,,,,,
"Chindapan, Soydok, and Devahastin (2019)",Robusta,Light,Immersion,mean,,mg/kg,12350,,7800,,,,7310,,,,,,,,,,,,,,,,,,,,27460,,,,,,,,,,,
"Chindapan, Soydok, and Devahastin (2019)",Robusta,Light,Immersion,mean,,mg/kg,19750,,9980,,,,14700,,,,,,,,,,,,,,,,,,,,44430,,,,,,,,,,,
"Chindapan, Soydok, and Devahastin (2019)",Robusta,Medium,Immersion,mean,,mg/kg,19090,,5600,,,,43930,,,,,,,,,,,,,,,,,,,,68620,,,,,,,,,,,
"Chindapan, Soydok, and Devahastin (2019)",Robusta,Dark,Immersion,mean,,mg/kg,14460,16590,,,,,63050,,,,,,,,,,,,,,,,,,,,94100,,,,,,,,,,,
"Chindapan, Soydok, and Devahastin (2019)",Robusta,Dark,Immersion,mean,,mg/kg,8800,13130,,,,,62090,,,,,,,,,,,,,,,,,,,,84020,,,,,,,,,,,
Alcazar (2003),Arabica,Green,Immersion,mean,,mg/kg,8520,,4140,,,,580,,,,,,,,,,,,,,,,,,3370,,16610,,,,,,,,,,,
Alcazar (2003),Robusta,Green,Immersion,mean,,mg/kg,6080,,2950,,,,400,,,,,,,,,,,,,,,,,,3080,,12510,,,,,,,,,,,
Alcazar (2003),Arabica,Unspecified,Immersion,mean,,mg/kg,5220,,1740,,,,1740,,,,,,,,,,,,,,,,,,,,8700,,,,,,,,,,,
Alcazar (2003),Robusta,Unspecified,Immersion,mean,,mg/kg,4600,,500,,,,1780,,,,,,,,,,,,,,,,,,,,6880,,,,,,,,,,,
Poisson et al. (2017),Arabica,Green,Immersion,min,,mg/kg,,,,,,,,,,,,,,,,,,,,,,,,,,,20000,,,,,,,,,,,
Poisson et al. (2017),Arabica,Green,Immersion,max,,mg/kg,,,,,,,,,,,,,,,,,,,,,,,,,,,29000,,,,,,,,,,,
Poisson et al. (2017),Robusta,Green,Immersion,min,,mg/kg,,,,,,,,,,,,,,,,,,,,,,,,,,,13000,,,,,,,,,,,
Poisson et al. (2017),Robusta,Green,Immersion,max,,mg/kg,,,,,,,,,,,,,,,,,,,,,,,,,,,22000,,,,,,,,,,,
Marrubini et al. (2015),Unspecified,Unspecified,Immersion,mean,"calc, assume complete extraction",mg/kg,,,,,23333,,,,,,,,,,,,,,,,,,,,,,23333.3324,,,,,,,,,,,
Marrubini et al. (2015),Unspecified,Unspecified,Immersion,mean,,mg/kg,,,,,15000,,,,,,,,,,,,,,,,,,,,,,14999.9994,,,,,,,,,,,
Marrubini et al. (2015),Unspecified,Unspecified,Immersion,min,,mg/kg,,,,,21000,,,,,,,,,,,,,,,,,,,,,,20999.99916,,,,,,,,,,,
Marrubini et al. (2015),Unspecified,Unspecified,Immersion,max,,mg/kg,,,,,24500,,,,,,,,,,,,,,,,,,,,,,24499.99902,,,,,,,,,,,
Marrubini et al. (2015),Unspecified,Unspecified,Immersion,min,,mg/kg,,,,,14167,,,,,,,,,,,,,,,,,,,,,,14166.6661,,,,,,,,,,,
Marrubini et al. (2015),Unspecified,Unspecified,Immersion,max,,mg/kg,,,,,18333,,,,,,,,,,,,,,,,,,,,,,18333.3326,,,,,,,,,,,
Kampmann and Maier (1982),Arabica,Green,Filter,,,mg/kg,,,,,5600,,,,,,,,,,,,,,,,,,,,,,5600,,,,,,,,,,,
Kampmann and Maier (1982),Arabica,Green,Filter,,,mg/kg,,,,,5700,,,,,,,,,,,,,,,,,,,,,,5700,,,,,,,,,,,
Kampmann and Maier (1982),Arabica,Green,Filter,,,mg/kg,,,,,4700,,,,,,,,,,,,,,,,,,,,,,4700,,,,,,,,,,,
Kampmann and Maier (1982),Arabica,Green,Filter,,,mg/kg,,,,,5500,,,,,,,,,,,,,,,,,,,,,,5500,,,,,,,,,,,
Kampmann and Maier (1982),Robusta,Green,Filter,,,mg/kg,,,,,3500,,,,,,,,,,,,,,,,,,,,,,3500,,,,,,,,,,,
Kampmann and Maier (1982),Robusta,Green,Filter,,,mg/kg,,,,,3100,,,,,,,,,,,,,,,,,,,,,,3100,,,,,,,,,,,
Kampmann and Maier (1982),Robusta,Green,Filter,,,mg/kg,,,,,3900,,,,,,,,,,,,,,,,,,,,,,3900,,,,,,,,,,,
Scholze and Maier (1984),Arabica,Green,,,,mg/kg,,,,,,,,,,,,,,,,,,,,,1070,,,,,,1070,,,,,,,,,,,
Scholze and Maier (1984),Arabica,Green,,,,mg/kg,,,,,,,,,,,,,,,,,,,,,1110,,,,,,1110,,,,,,,,,,,
Scholze and Maier (1984),Arabica,Green,,,,mg/kg,,,,,,,,,,,,,,,,,,,,,1370,,,,,,1370,,,,,,,,,,,
Scholze and Maier (1984),Arabica,Green,,,,mg/kg,,,,,,,,,,,,,,,,,,,,,,,,,,,0,,,,,,,,,,,
Scholze and Maier (1984),Arabica,Green,,,,mg/kg,,,,,,,,,,,,,,,,,,,,,1470,,,,,,1470,,,,,,,,,,,
Scholze and Maier (1984),Robusta,Green,,,,mg/kg,,,,,,,,,,,,,,,,,,,,,1420,,,,,,1420,,,,,,,,,,,
Scholze and Maier (1984),Robusta,Green,,,,mg/kg,,,,,,,,,,,,,,,,,,,,,2160,,,,,,2160,,,,,,,,,,,
Scholze and Maier (1984),Robusta,Green,,,,mg/kg,,,,,,,,,,,,,,,,,,,,,1630,,,,,,1630,,,,,,,,,,,
Scholze and Maier (1984),Robusta,Green,,,,mg/kg,,,,,,,,,,,,,,,,,,,,,,,,,,,0,,,,,,,,,,,
Scholze and Maier (1984),Other,Green,,,,mg/kg,,,,,,,,,,,,,,,,,,,,,1730,,,,,,1730,,,,,,,,,,,
Scholze and Maier (1984),Other,Green,,,,mg/kg,,,,,,,,,,,,,,,,,,,,,1460,,,,,,1460,,,,,,,,,,,
Scholze and Maier (1984),Other,Green,,,,mg/kg,,,,,,,,,,,,,,,,,,,,,2190,,,,,,2190,,,,,,,,,,,
Scholze and Maier (1984),liberica,Green,,,,mg/kg,,,,,,,,,,,,,,,,,,,,,1760,,,,,,1760,,,,,,,,,,,
Scholze and Maier (1983),Arabica,Green,,,,mg/kg,13810,,6150,,,,,,,,,,,,,,,,,,,,,,,,19960,,,,,,,,,,,
Scholze and Maier (1983),Arabica,Green,,,,mg/kg,13000,,5120,,,,,,,,,,,,,,,,,,1110,,,,,,19230,,,,,,,,,,,
Scholze and Maier (1983),Arabica,Green,,,,mg/kg,11650,,6620,,,,,,,,,,,,,,,,,,1370,,,,,,19640,,,,,,,,,,,
Scholze and Maier (1983),Arabica,Green,,,,mg/kg,,,,,,,,,,,,,,,,,,,,,,,,,,,0,,,,,,,,,,,
Scholze and Maier (1983),Arabica,Green,,,,mg/kg,10550,,4600,,,,,,,,,,,,,,,,,,1470,,,,,,16620,,,,,,,,,,,
Scholze and Maier (1983),Robusta,Green,,,,mg/kg,10010,,3780,,,,,,,,,,,,,,,,,,1420,,,,,,15210,,,,,,,,,,,
Scholze and Maier (1983),Robusta,Green,,,,mg/kg,9170,,2780,,,,,,,,,,,,,,,,,,2160,,,,,,14110,,,,,,,,,,,
Scholze and Maier (1983),Robusta,Green,,,,mg/kg,6700,,2470,,,,,,,,,,,,,,,,,,1630,,,,,,10800,,,,,,,,,,,
Scholze and Maier (1983),Robusta,Green,,,,mg/kg,,,,,,,,,,,,,,,,,,,,,,,,,,,0,,,,,,,,,,,
Scholze and Maier (1983),Other,Green,,,,mg/kg,9090,,4530,,,,,,,,,,,,,,,,,,1730,,,,,,15350,,,,,,,,,,,
Scholze and Maier (1983),Other,Green,,,,mg/kg,10900,,5220,,,,,,,,,,,,,,,,,,1460,,,,,,17580,,,,,,,,,,,
Scholze and Maier (1983),Other,Green,,,,mg/kg,10020,,2920,,,,,,,,,,,,,,,,,,2190,,,,,,15130,,,,,,,,,,,
Scholze and Maier (1983),liberica,Green,,,,mg/kg,10630,,3900,,,,,,,,,,,,,,,,,,1760,,,,,,16290,,,,,,,,,,,
Van der Stegen and Van Duijin (1987),Arabica,Green,Immersion,min,,mg/kg,5000,,2600,,3300,,,,,,,,,,,,,,,,,,,,,,10900,,,,,,,,,,,
Van der Stegen and Van Duijin (1987),Arabica,Green,Immersion,max,,mg/kg,14900,1400,6700,,6100,1500,,,,,,,,,,,,,,,,,,,,,30600,,,,,,,,,,,
Van der Stegen and Van Duijin (1987),Arabica,Green,Immersion,mean,,mg/kg,7600,700,4100,,4300,500,,,,,,,,,,,,,,,,,,,,,17200,,,,,,,,,,,
Van der Stegen and Van Duijin (1987),Robusta,Green,Immersion,min ,,mg/kg,3300,,1800,,1600,500,,,,,,,,,,,,,,,,,,,,,7200,,,,,,,,,,,
Van der Stegen and Van Duijin (1987),Robusta,Green,Immersion,max,,mg/kg,10100,3900,7300,,8600,3500,2000,,,,,,,,,,,,,,,,,,,,35400,,,,,,,,,,,
Van der Stegen and Van Duijin (1987),Robusta,Green,Immersion,mean,,mg/kg,6500,1300,3400,,3600,1100,500,,,,,,,,,,,,,,,,,,,,16400,,,,,,,,,,,
Bahre and Maier (1999),Arabica,Green,solvent,mean,unsteamed,mg/kg,,,,4,,38,,,22,2,75,5,,3,6,,,,,,,,3,,,15,0.173,hydroxybenzoic is total of all isomers listed,,,,,,,,,,
Bahre and Maier (1999),Arabica,Green,solvent,mean,steamed,mg/kg,,,,14,,47,,,15,4,93,29,,2,7,,,,2,,,,3,,,17,0.233,,,,,,,,,,,
Bahre and Maier (1999),Arabica,Green,solvent,mean,unsteamed,mg/kg,,,,4,,31,,,22,2,42,4,,1,,,,,,,,,2,,,,0.108,,,,,,,,,,,
Bahre and Maier (1999),Arabica,Green,solvent,mean,steamed,mg/kg,,,,18,,49,,,18,3,82,50,,1,,,,,2,,,,2,,,,0.225,,,,,,,,,,,
Bahre and Maier (1999),Arabica,Unspecified,solvent,mean,unsteamed,mg/kg,,,,24,,82,,,204,,688,1094,,115,84,,235,,118,,,,41,,,43,2.728,,,,,,,,,,,
Bahre and Maier (1999),Arabica,Unspecified,solvent,mean,steamed,mg/kg,,,,17,,81,,,175,4,665,869,,10.6,84,,242,,109,,,,38,,,36,2.3306,,,,,,,,,,,
Blanc (1977),Arabica,Light,,,,mg/kg, ,,3900,1700,,,1100,,,,800,,,,,,,,,,,,,,,,7500,,,,,,,,,,,
Blanc (1977),Arabica,Light,,,,mg/kg,7800,,2800,900,,,1000,,,,300,,,,,,,,,,,,,,,,12800,,,,,,,,,,,
Blanc (1977),Arabica,Light,,,,mg/kg,7400,,3400,1300,,,2400,,,,1500,,,,,,,,,,,,,,,,16000,,,,,,,,,,,
Blanc (1977),Arabica,Light,,,,mg/kg,6800,,2700,14700,,,2700,,,,3200,,,,,,,,,,,,,,,,30100,,,,,,,,,,,
Blanc (1977),Arabica,Medium,,,,mg/kg,7200,,2100,1300,,,3100,,,,1200,,,,,,,,,,,,,,,,14900,,,,,,,,,,,
Blanc (1977),Arabica,Dark,,,,mg/kg,5100,,2400,1300,,,2500,,,,3200,,,,,,,,,,,,,,,,14500,,,,,,,,,,,
Blanc (1977),Arabica,Dark,,,,mg/kg,5500,,2400,1400,,,2200,,,,1000,,,,,,,,,,,,,,,,12500,,,,,,,,,,,
Engelhardt & Maier (1985),Unspecified,Unspecified,Filter,,commerical,mg/kg,67200,2010,2160,,7930,70,5150,,120,40,880,1320,,80,90,,540,,140,870,1780,,,,,310,90690,hydroxybenzoic is total of all isomers listed,,,,,,,,,,
Van der Stegen and van Dujin (1987),Unspecified,Unspecified,Immersion,min,commerical,mg/kg,4300,1800,1000,,8900,1900,3600,,,,0,1700,,,,,,,,,,,,,,,23200,,,,,,,,,,,
Van der Stegen and van Dujin (1987),Unspecified,Unspecified,Immersion,max,commercial,mg/kg,7000,2500,3900,,15000,8000,5500,,,,1800,4900,,,,,,,,,,,,,,,48600,,,,,,,,,,,
Van der Stegen and van Dujin (1987),Unspecified,Unspecified,Immersion,mean,commercial,mg/kg,5900,2200,2700,,10400,4000,4300,,,,1000,2600,,,,,,,,,,,,,,,33100,,,,,,,,,,,
Van der Stegen and van Dujin (1987),Unspecified,Unspecified,Immersion,mean,heated commercial,mg/kg,6100,2700,2800,,13200,4900,5300,,,,1300,3000,,,,,,,,,,,,,,,39300,,,,,,,,,,,
Weers et al. (1995),Arabica,Green,,,,mg/kg,13110,,4020,,6870,,290,,,,,,,,,,,,,,1450,,,,,,25740,,,,,,,,,,,
Weers et al. (1995),Arabica,Light,,,,,11100,2290,3290,,9960,280,3760,,,,730,1280,,,,,,,,,1880,,,,,,34570,,,,,,,,,,,
Weers et al. (1995),Arabica,Medium,,,,,9530,2530,3110,,8810,250,4180,,,,1000,1640,,,,,,,,,1690,,,,,,32740,,,,,,,,,,,
Weers et al. (1995),Arabica,Medium,,,,,7660,2470,2490,,8940,360,4860,,,,1350,1810,,,,,,,,,2300,,,,,,32240,,,,,,,,,,,
Weers et al. (1995),Arabica,Dark,,,,,6340,2280,2000,,9120,330,4980,,,,1300,2020,,,,,,,,,2180,,,,,,30550,,,,,,,,,,,
Weers et al. (1995),Robusta,Green,,,,mg/kg,13500,180,2470,,4700,130,150,,,,,,,,,,,,,,2790,,,,,,23920,,,,,,,,,,,
Weers et al. (1995),Robusta,Light,,,,,13380,860,240,,10010,230,1980,,,,,470,,,,,,,,,4050,,,,,,31220,,,,,,,,,,,
Weers et al. (1995),Robusta,Medium,,,,,12260,1310,220,,10820,370,2730,,,,510,860,,,,,,,,,5470,,,,,,34550,,,,,,,,,,,
Weers et al. (1995),Robusta,Medium,,,,,10790,1480,1930,,12320,430,3000,,,,710,1040,,,,,,,,,6350,,,,,,38050,,,,,,,,,,,
Weers et al. (1995),Robusta,Dark,,,,,8380,1610,1450,,13190,450,3250,,,,770,1300,,,,,,,,,5950,,,,,,36350,,,,,,,,,,,
Ribeiro et al. (2018),Arabica,Green,,mean,,mg/kg,11500,,5200,,2700,1700,500,,,0,400,,,,,,,,,,,,,,,,22000,,,,,,,,,,,
Ribeiro et al. (2018),Arabica,Green,,mean,,mg/kg,11600,,5200,,2500,1700,600,,,100,600,,,,,,,,,,,,,,,,22300,,,,,,,,,,,
Ribeiro et al. (2018),Arabica,Green,,mean,,mg/kg,12700,,5800,,3100,1800,500,,,0,600,,,,,,,,,,,,,,,,24500,,,,,,,,,,,
Ribeiro et al. (2018),Arabica,Green,,mean,,mg/kg,12100,,5600,,3000,1900,600,,,100,500,,,,,,,,,,,,,,,,23800,,,,,,,,,,,
Mabrouk and Deatherage (1956),Unspecified,Unspecified,Immersion,,"commercial, sum of sequential extracts",mg/kg,4990,,4630,558,,,378,202,,3990,,,,,,,,,,,,,,,,,64500,,,,,,,,,,,
Bore'm et al. (2016),Arabica,Green,Immersion,mean,,mg/kg,13600,,5500,,,,800,500,,,800,,,,,,,,,,,,,,,,,,,,,,,,,,,
Bore'm et al. (2016),Arabica,Green,Immersion,,,,13600,,5100,,,,800,500,,,800,,,,,,,,,,,,,,,,,,,,,,,,,,,
Bore'm et al. (2016),Arabica,Green,Immersion,,,,12900,,4600,,,,600,400,,,800,,,,,,,,,,,,,,,,,,,,,,,,,,,
Bore'm et al. (2016),Arabica,Green,Immersion,,,,14200,,5300,,,,600,500,,,900,,,,,,,,,,,,,,,,,,,,,,,,,,,
Bore'm et al. (2016),Arabica,Green,Immersion,,,,13200,,4900,,,,800,400,,,800,,,,,,,,,,,,,,,,,,,,,,,,,,,
Bore'm et al. (2016),Arabica,Green,Immersion,,,,13200,,5300,,,,700,400,,,900,,,,,,,,,,,,,,,,,,,,,,,,,,,
Bore'm et al. (2016),Arabica,Green,Immersion,,,,14300,,5200,,,,600,600,,,800,,,,,,,,,,,,,,,,,,,,,,,,,,,
Muller & Hoffman (2005),Arabica,Green,Solvent,mean,,mg/kg,8500,120,4100,,2500,,740,,,,1200,,,,,,,,,12,1000,,,,,,,,,,,,,,,,,
"Feldman, Ryder, and Kung (1969)",Arabica,Dark,Solvent,mean,,mg/kg,180,,180,510,3500,64,,350,140,350,770,,,,85,,,,,,,,,,,,,,,,,,,,,,,
"Feldman, Ryder, and Kung (1969)",Arabica,Medium,Solvent,,,,350,,150,580,2700,55,,470,72,460,780,,,,38,,,,,,,,,,,,,,,,,,,,,,,
"Feldman, Ryder, and Kung (1969)",Arabica,Dark,Solvent,,,,270,,390,280,4900,16,,240,120,410,580,,,,380,,,,,,,,,,,,,,,,,,,,,,,
"Feldman, Ryder, and Kung (1969)",Arabica,Medium,Solvent,,,,420,,25,500,2900,76,,290,48,610,550,,,,200,,,,,,,,,,,,,,,,,,,,,,,
"Feldman, Ryder, and Kung (1969)",Robusta,Dark,Solvent,,,,690,,300,580,6500,110,,440,280,790,660,,,,85,,,,,,,,,,,,,,,,,,,,,,,
"Feldman, Ryder, and Kung (1969)",Robusta,Medium,Solvent,,,,750,,260,850,7100,67,,490,230,930,880,,,,540,,,,,,,,,,,,,,,,,,,,,,,
International Coffee Organization (1991),Arabica,Unspecified,immersion,mean,calc using brew ratio,mg/kg,768333.3333,,228333.3333,,825000,,376116.6667,,,,324166.6667,,,,,,,,,,7733,,,,,,,,,,,,,,,,,
International Coffee Organization (1991),Arabica,Unspecified,immersion,,,,733333.3333,,272783.3333,,850000,,348333.3333,,,,513883.3333,,,,,,,,,,8200,,,,,,,,,,,,,,,,,
International Coffee Organization (1991),Arabica,Unspecified,immersion,,,,541666.6667,,198883.3333,,725550,,404450,,,,182783.3333,,,,,,,,,,6833,,,,,,,,,,,,,,,,,
International Coffee Organization (1991),Arabica,Unspecified,immersion,,,,553333.3333,,204166.6667,,638883.3333,,311666.6667,,,,312216.6667,,,,,,,,,,8000,,,,,,,,,,,,,,,,,
International Coffee Organization (1991),Arabica,Unspecified,immersion,,,,647216.6667,,218333.3333,,580550,,252216.6667,,,,201666.6667,,,,,,,,,,8633,,,,,,,,,,,,,,,,,
International Coffee Organization (1991),Arabica,Unspecified,immersion,,,,572216.6667,,182216.6667,,875000,,435000,,,,94450,,,,,,,,,,7500,,,,,,,,,,,,,,,,,
International Coffee Organization (1991),Arabica,Unspecified,immersion,,,,592216.6667,,167216.6667,,927783.3333,,403333.3333,,,,209450,,,,,,,,,,7567,,,,,,,,,,,,,,,,,
Ahmed et al. (2019),Arabica,Unspecified,Immersion,mean,,mg/kg,381,1272,,,,54,2307,,,4399,1298,,,,,,,,,,,,,,,,,,,,,,,,,,,
Ahmed et al. (2019),Arabica,Unspecified,Immersion,,,,969,2155,,,,96,4125,,,10877,3105,,,,,,,,,,,,,,,,,,,,,,,,,,,
Ahmed et al. (2019),Arabica,Unspecified,Immersion,,,,1003,2329,,,,111,4563,,,11694,3373,,,,,,,,,,,,,,,,,,,,,,,,,,,
Ahmed et al. (2019),Arabica,Unspecified,Immersion,,,,992,2207,,,,113,4239,,,11223,3163,,,,,,,,,,,,,,,,,,,,,,,,,,,
Ahmed et al. (2019),Arabica,Unspecified,Immersion,,,,938,2247,,,,69,4322,,,10893,320,,,,,,,,,,,,,,,,,,,,,,,,,,,
Ahmed et al. (2019),Arabica,Unspecified,Immersion,,,,915,2188,,,,102,4184,,,10915,2847,,,,,,,,,,,,,,,,,,,,,,,,,,,
Ahmed et al. (2019),Arabica,Unspecified,Immersion,,,,910,2156,,,,109,4135,,,10701,2820,,,,,,,,,,,,,,,,,,,,,,,,,,,
Khamitova et al. (2020) [#1],Arabica,Medium,Espresso,,calc using coffee grounds (14) and brew ratio (1:2),mg/kg,1022,,184,,,,1074,,,516,,,,,,,,,,,,,,220,,,,,,,,,,,,,,
Khamitova et al. (2020) [#1],Arabica,Medium,Espresso,,,,1216,,466,,,,1942,,,1066,,,,,,,,,,,,,,234,,,,,,,,,,,,,,
Khamitova et al. (2020) [#1],Arabica,Medium,Espresso,,,,1878,,492,,,,2270,,,1024,,,,,,,,,,,,,,382,,,,,,,,,,,,,,
Khamitova et al. (2020) [#1],Arabica,Medium,Espresso,,,,2066,,718,,,,3338,,,1408,,,,,,,,,,,,,,358,,,,,,,,,,,,,,
Khamitova et al. (2020) [#1],Arabica,Medium,Espresso,,12g,,1056,,414,,,,1566,,,818,,,,,,,,,,,,,,214,,,,,,,,,,,,,,
Khamitova et al. (2020) [#1],Arabica,Medium,Espresso,,,,1146,,452,,,,1522,,,840,,,,,,,,,,,,,,218,,,,,,,,,,,,,,
Khamitova et al. (2020) [#1],Arabica,Medium,Espresso,,,,1808,,420,,,,2486,,,950,,,,,,,,,,,,,,262,,,,,,,,,,,,,,
Khamitova et al. (2020) [#1],Arabica,Medium,Espresso,,,,1640,,526,,,,1498,,,934,,,,,,,,,,,,,,296,,,,,,,,,,,,,,
Khamitova et al. (2020) [#1],Robusta,Medium,Espresso,,14g,,1386,,342,,,,1170,,,664,,,,,,,,,,,,,,272,,,,,,,,,,,,,,
Khamitova et al. (2020) [#1],Robusta,Medium,Espresso,,,,2424,,706,,,,2254,,,1186,,,,,,,,,,,,,,280,,,,,,,,,,,,,,
Khamitova et al. (2020) [#1],Robusta,Medium,Espresso,,,,2232,,532,,,,2332,,,1026,,,,,,,,,,,,,,222,,,,,,,,,,,,,,
Khamitova et al. (2020) [#1],Robusta,Medium,Espresso,,,,2622,,628,,,,2804,,,920,,,,,,,,,,,,,,282,,,,,,,,,,,,,,
Khamitova et al. (2020) [#1],Robusta,Medium,Espresso,,12g,,926,,238,,,,880,,,486,,,,,,,,,,,,,,222,,,,,,,,,,,,,,
Khamitova et al. (2020) [#1],Robusta,Medium,Espresso,,,,1046,,336,,,,1092,,,564,,,,,,,,,,,,,,142,,,,,,,,,,,,,,
Khamitova et al. (2020) [#1],Robusta,Medium,Espresso,,,,2024,,542,,,,2106,,,924,,,,,,,,,,,,,,214,,,,,,,,,,,,,,
Khamitova et al. (2020) [#1],Robusta,Medium,Espresso,,,,1448,,424,,,,1608,,,534,,,,,,,,,,,,,,170,,,,,,,,,,,,,,
Khamitova et al. (2020) [#1],Arabica,Medium,Espresso,,14g,,1150,,372,,,,1650,,,948,,,,,,,,,,,,,,168,,,,,,,,,,,,,,
Khamitova et al. (2020) [#1],Arabica,Medium,Espresso,,,,1998,,546,,,,2486,,,1284,,,,,,,,,,,,,,296,,,,,,,,,,,,,,
Khamitova et al. (2020) [#1],Arabica,Medium,Espresso,,,,1482,,418,,,,2070,,,930,,,,,,,,,,,,,,328,,,,,,,,,,,,,,
Khamitova et al. (2020) [#1],Arabica,Medium,Espresso,,,,2190,,542,,,,2902,,,1154,,,,,,,,,,,,,,334,,,,,,,,,,,,,,
Khamitova et al. (2020) [#1],Arabica,Medium,Espresso,,12g,,940,,320,,,,1446,,,768,,,,,,,,,,,,,,174,,,,,,,,,,,,,,
Khamitova et al. (2020) [#1],Arabica,Medium,Espresso,,,,1288,,378,,,,1498,,,868,,,,,,,,,,,,,,210,,,,,,,,,,,,,,
Khamitova et al. (2020) [#1],Arabica,Medium,Espresso,,,,1214,,382,,,,1704,,,778,,,,,,,,,,,,,,284,,,,,,,,,,,,,,
Khamitova et al. (2020) [#1],Arabica,Medium,Espresso,,,,2006,,596,,,,2646,,,1156,,,,,,,,,,,,,,328,,,,,,,,,,,,,,
Khamitova et al. (2020) [#1],Robusta,Medium,Espresso,,14g,,1070,,304,,,,1008,,,562,,,,,,,,,,,,,,280,,,,,,,,,,,,,,
Khamitova et al. (2020) [#1],Robusta,Medium,Espresso,,,,3204,,654,,,,2468,,,1192,,,,,,,,,,,,,,592,,,,,,,,,,,,,,
Khamitova et al. (2020) [#1],Robusta,Medium,Espresso,,,,2544,,598,,,,2170,,,950,,,,,,,,,,,,,,232,,,,,,,,,,,,,,
Khamitova et al. (2020) [#1],Robusta,Medium,Espresso,,,,2524,,606,,,,2674,,,884,,,,,,,,,,,,,,216,,,,,,,,,,,,,,
Khamitova et al. (2020) [#1],Robusta,Medium,Espresso,,12g,,820,,226,,,,790,,,438,,,,,,,,,,,,,,212,,,,,,,,,,,,,,
Khamitova et al. (2020) [#1],Robusta,Medium,Espresso,,,,1262,,378,,,,1052,,,612,,,,,,,,,,,,,,248,,,,,,,,,,,,,,
Khamitova et al. (2020) [#1],Robusta,Medium,Espresso,,,,1366,,390,,,,1356,,,598,,,,,,,,,,,,,,128,,,,,,,,,,,,,,
Khamitova et al. (2020) [#1],Robusta,Medium,Espresso,,,,1670,,414,,,,1720,,,562,,,,,,,,,,,,,,186,,,,,,,,,,,,,,
Jeska-Skowron & Zgoła-Grześkowiak (2017),Robusta,Green,filter,,"assume full extraction, .5g/50mL",,8522,,2991,,3875,,,,,2540,,,,,,,,,,,,,,,,,,,,,,,,,,,,
Jeska-Skowron & Zgoła-Grześkowiak (2017),Robusta,Roasted,filter,,,,10164,1972,2572,,14864,,,,,8731,2141,,,,,,,,,,,,,,,,,,,,,,,,,,,
Jeska-Skowron & Zgoła-Grześkowiak (2017),Arabica,Green,filter,,,,11972,,3606,,5549,,,,,1693,,,,,,,,,,,,,,,,,,,,,,,,,,,,
Jeska-Skowron & Zgoła-Grześkowiak (2017),Arabica,Roasted,filter,,,,10624,1699,3198,,11924,,,,,2540,667,,,,,,,,,,,,,,,,,,,,,,,,,,,
Jeska-Skowron & Zgoła-Grześkowiak (2017),Arabica,Green,filter,,,,9356,,3673,,5124,,,,,1356,,,,,,,,,,,,,,,,1212,,,,,,,,,,,,
Jeska-Skowron & Zgoła-Grześkowiak (2017),Arabica,Roasted,filter,,,,10549,3849,3624,,10740,,,,,2647,,,,,,,,,,,,,,,,,,,,,,,,,,,,
Jeska-Skowron & Zgoła-Grześkowiak (2017),Arabica,Green,filter,,,,8035,,3466,,4083,,,,,1265,,,,,,,,,,,,,,,,,,,,,,,,,,,,
Jeska-Skowron & Zgoła-Grześkowiak (2017),Arabica,Roasted,filter,,,,9581,2758,2451,,16603,,,,,3050,,,,,,,,,,,,,,,,,,,,,,,,,,,,
Jeska-Skowron & Zgoła-Grześkowiak (2017),Arabica,Green,filter,,,,11827,,3115,,4838,,,,,1857,,,,,,,,,,,,,,,,,,,,,,,,,,,,
Jeska-Skowron & Zgoła-Grześkowiak (2017),Arabica,Roasted,filter,,,,10175,3460,2240,,10849,,,,,3148,785,,,,,,,,,,,,,,,,,,,,,,,,,,,
Jeska-Skowron & Zgoła-Grześkowiak (2017),Arabica,Green,filter,,,,8538,,3707,,4743,,,,,2079,,,,,,,,,,,,,,,,,,,,,,,,,,,,
Jeska-Skowron & Zgoła-Grześkowiak (2017),Arabica,Roasted,filter,,,,10908,3360,2727,,13160,,,,,3099,,,,,,,,,,,,,,,,,,,,,,,,,,,,
